<?xml version="1.0" encoding="UTF-8"?>
<project-private xmlns="http://www.netbeans.org/ns/project-private/1">
    <editor-bookmarks xmlns="http://www.netbeans.org/ns/editor-bookmarks/1"/>
    <editor-bookmarks xmlns="http://www.netbeans.org/ns/editor-bookmarks/2" lastBookmarkId="0"/>
    <open-files xmlns="http://www.netbeans.org/ns/projectui-open-files/2">
        <group>
            <file>file:/C:/Users/Walid%20Jlassi/Documents/NetBeansProjects/House/multiListworkshoptodo/MultiListWorkshop/src/com/mycompany/myapp/HouseAdd.java</file>
            <file>file:/C:/Users/Walid%20Jlassi/Documents/NetBeansProjects/House/multiListworkshoptodo/MultiListWorkshop/src/com/mycompany/myapp/HouseList.java</file>
            <file>file:/C:/Users/Walid%20Jlassi/Documents/NetBeansProjects/House/multiListworkshoptodo/MultiListWorkshop/src/com/mycompany/myapp/MyApplication.java</file>
            <file>file:/C:/Users/Walid%20Jlassi/Documents/NetBeansProjects/House/multiListworkshoptodo/MultiListWorkshop/src/com/mycompany/myapp/Menu.java</file>
            <file>file:/C:/Users/Walid%20Jlassi/Documents/NetBeansProjects/House/multiListworkshoptodo/MultiListWorkshop/src/entity/Game.java</file>
            <file>jar:file:/C:/Users/Walid%20Jlassi/Documents/NetBeansProjects/House/multiListworkshoptodo/MultiListWorkshop/lib/CodenameOne_SRC.zip!/com/codename1/ui/events/ActionEvent.java</file>
            <file>file:/C:/Users/Walid%20Jlassi/Documents/NetBeansProjects/House/multiListworkshoptodo/MultiListWorkshop/src/com/mycompany/myapp/HouseUpdate.java</file>
            <file>file:/C:/Users/Walid%20Jlassi/Documents/NetBeansProjects/House/multiListworkshoptodo/MultiListWorkshop/src/entity/House.java</file>
            <file>file:/C:/Users/Walid%20Jlassi/Documents/NetBeansProjects/House/multiListworkshoptodo/MultiListWorkshop/src/com/mycompany/myapp/HouseDel.java</file>
        </group>
    </open-files>
</project-private>
